num_measurements,MLP_MSE,CNN_MSE,Transformer_MSE,MLE_MSE,Bayesian_MSE,Generative_MSE,MLP_Time,CNN_Time,Transformer_Time,MLE_Time,Bayesian_Time,Generative_Time,valid_states,requested_states
100,0.02335842650709933,0.01988584901809988,0.01870366348354766,0.1988020161628016,0.2296742822686258,0.6806407244855633,96.43105387687683,104.13808917999268,546.5597965717316,41.37403750419617,3.123120069503784,8.558969259262085,15000,15000
