num_measurements,MLP_MSE,CNN_MSE,Transformer_MSE,MLE_MSE,Bayesian_MSE,MLP_Time,CNN_Time,Transformer_Time,MLE_Time,Bayesian_Time,valid_states,requested_states
10,0.071365256935331,0.0839564695493697,0.0586134566713429,0.4722633791198396,0.5329951286347473,51.989885091781616,23.798776626586918,338.2928726673126,13.257344007492064,2.322958946228028,15000,15000
