num_measurements,MLP_MSE,CNN_MSE,Transformer_MSE,MLE_MSE,Bayesian_MSE,Generative_MSE,MLP_Time,CNN_Time,Transformer_Time,MLE_Time,Bayesian_Time,Generative_Time,valid_states,requested_states
20,0.05896356446654856,0.050937167838343254,0.04845701830877132,0.497946595002918,0.49688082396065236,0.4338128566181905,75.3109290599823,69.36599135398865,218.7526319026947,11.184404611587524,2.555041551589966,1.8696284294128418,15000,15000
