num_measurements,MLP_MSE,CNN_MSE,Transformer_MSE,MLE_MSE,Bayesian_MSE,Generative_MSE,MLP_Time,CNN_Time,Transformer_Time,MLE_Time,Bayesian_Time,Generative_Time,valid_states,requested_states
50,0.029403156242311088,0.027413451475527466,0.031182634623565936,0.23100817160296086,0.30404848320594413,0.5950962548579287,150.6384768486023,117.38111758232117,154.47609877586365,46.55020809173584,3.061800003051758,5.120453357696533,15000,15000
