num_measurements,MLP_MSE,CNN_MSE,Transformer_MSE,MLE_MSE,Bayesian_MSE,Generative_MSE,MLP_Time,CNN_Time,Transformer_Time,MLE_Time,Bayesian_Time,Generative_Time,valid_states,requested_states
400,0.01800186626079803,0.009093691397465336,0.006753865914075182,0.0029709079419996958,0.004271712397332093,0.648953658330857,305.81546211242676,142.78337788581848,18601.594289541245,197.16945219039917,5.474266767501831,53.53908038139343,15000,15000
