num_measurements,MLP_MSE,CNN_MSE,Transformer_MSE,MLE_MSE,Bayesian_MSE,Generative_MSE,MLP_Time,CNN_Time,Transformer_Time,MLE_Time,Bayesian_Time,Generative_Time,valid_states,requested_states
250,0.01708970578955983,0.014057735793309972,0.011509968049734236,0.0077979961233992905,0.014816979186438135,0.6645541577297963,166.714293718338,175.9265377521515,9043.77721452713,164.14188361167908,3.8677473068237305,40.5920512676239,15000,15000
